links,usernames,
https://www.postjobfree.com/resume/adadgw/cnc-machinist-mechanical-bhopal-madhya,adadgw,
https://www.postjobfree.com/resume/adadao/pastor-cnc-machinist-die-manassas-va,adadao,
https://www.postjobfree.com/resume/adac9e/cnc-machinist-injection-the-bronx-ny,adac9e,
https://www.postjobfree.com/resume/adac7w/foreman-machinist-turbine-united-states,adac7w,
https://www.postjobfree.com/resume/adacw1/cnc-machinist-plant-torrington-ct,adacw1,
https://www.postjobfree.com/resume/adacrc/machinist-solidworks-cnc-hyderabad-india,adacrc,
https://www.postjobfree.com/resume/adaco1/machinist-manufacturing-chesapeake-va,adaco1,
https://www.postjobfree.com/resume/adacnp/machinist-cnc-machine-houston-tx,adacnp,
https://www.postjobfree.com/resume/adace0/cnc-machinist-pmp-ios-decatur-il-62521,adace0,
https://www.postjobfree.com/resume/adab0j/carpenter-machine-operator-johannesburg,adab0j,
https://www.postjobfree.com/resume/adabot/machinist-machine-iti-tirunelveli-tamil,adabot,
https://www.postjobfree.com/resume/adaa8r/cnc-injection-mold-cam-central-florida,adaa8r,
https://www.postjobfree.com/resume/adaa0a/cnc-machinist-machine-manchester-center,adaa0a,
https://www.postjobfree.com/resume/adaao8/machinist-refrigeration-dhaka-division,adaao8,
https://www.postjobfree.com/resume/adaaiv/cnc-machinist-programmer-ludhiana-punjab,adaaiv,
https://www.postjobfree.com/resume/ac994i/machinist-die-patent-manchester-tn,ac994i,
https://www.postjobfree.com/resume/ac99l7/cnc-machinist-molding-simpsonville-sc,ac99l7,
https://www.postjobfree.com/resume/ac99gn/mechanic-machinist-cnc-cold-brook-ny,ac99gn,
https://www.postjobfree.com/resume/ac99fs/machine-operator-machinist-san-jose-ca,ac99fs,
https://www.postjobfree.com/resume/ac9845/machinist-concrete-mine-sault-ste-marie,ac9845,
https://www.postjobfree.com/resume/ac98go/operator-cnc-machinist-milling-troy-mi,ac98go,
https://www.postjobfree.com/resume/ac971j/cnc-machinist-crane-security-derby-ks,ac971j,
https://www.postjobfree.com/resume/ac97pt/machinist-welder-fabricator-columbus-oh,ac97pt,
https://www.postjobfree.com/resume/ac9633/machinist-mill-die-cnc-lathe-san-jose-ca,ac9633,
https://www.postjobfree.com/resume/ac96wu/mechanic-machinist-lathe-jersey-city-nj,ac96wu,
https://www.postjobfree.com/resume/ac96k8/cnc-machinist-machine-lathe-houston-tx,ac96k8,
https://www.postjobfree.com/resume/ac96kc/turbine-machinist-boiler-indianapolis-in,ac96kc,
https://www.postjobfree.com/resume/ac9541/cnc-machinist-crane-artist-waterloo-on,ac9541,
https://www.postjobfree.com/resume/ac952u/mechanic-machinist-cnc-thomasville-nc,ac952u,
https://www.postjobfree.com/resume/ac952l/machinist-cnc-die-coal-diesel-indiana,ac952l,
https://www.postjobfree.com/resume/ac9519/cnc-machinist-machine-operator-naples-fl,ac9519,
https://www.postjobfree.com/resume/ac95zi/machinist-cnc-gm-ts-linwood-mi-48634,ac95zi,
https://www.postjobfree.com/resume/ac95q0/machinist-power-plant-philadelphia-pa,ac95q0,
https://www.postjobfree.com/resume/ac95j9/machinist-fitter-cement-coimbatore-tamil,ac95j9,
https://www.postjobfree.com/resume/ac9483/machinist-forklift-protein-dunlap-ia,ac9483,
https://www.postjobfree.com/resume/ac945v/machinist-cnc-machine-die-united-states,ac945v,
https://www.postjobfree.com/resume/ac942s/machinist-cnc-milling-hopkinsville-ky,ac942s,
https://www.postjobfree.com/resume/ac94wg/cnc-air-force-machinist-prof-ballwin-mo,ac94wg,
https://www.postjobfree.com/resume/ac94ly/care-machinist-welder-cyber-cranbrook-bc,ac94ly,
https://www.postjobfree.com/resume/ac94ax/machinist-machine-operator-seal-beach-ca,ac94ax,
https://www.postjobfree.com/resume/ac938g/nuclear-molding-epic-machinist-leland-nc,ac938g,
https://www.postjobfree.com/resume/ac937d/machinist-technologist-mine-puebla-city,ac937d,
https://www.postjobfree.com/resume/ac93ot/3-welder-machinist-cnc-abb-brentwood-tn,ac93ot,
https://www.postjobfree.com/resume/ac93ii/mm-plant-manager-mine-mill-metairie-la,ac93ii,
https://www.postjobfree.com/resume/ac93gb/hvac-machinist-tesda-rawdat-al-khail,ac93gb,
https://www.postjobfree.com/resume/acvzbe/composite-machinist-bell-fort-worth-tx,acvzbe,
https://www.postjobfree.com/resume/ac928l/pm-molding-injection-piping-owensboro-ky,ac928l,
https://www.postjobfree.com/resume/ac923s/cnc-machinist-solidworks-port-st-joe-fl,ac923s,
https://www.postjobfree.com/resume/ac92rh/cnc-machinist-lathe-milling-quezon-city,ac92rh,
https://www.postjobfree.com/resume/ac92qp/cnc-machinist-machine-chennai-tamil,ac92qp,
https://www.postjobfree.com/resume/ac92ng/man-machinist-meat-lathe-cook-davison-mi,ac92ng,
https://www.postjobfree.com/resume/ac919s/machinist-cnc-chemist-winston-salem-nc,ac919s,
https://www.postjobfree.com/resume/ac919d/cnc-machinist-solidworks-glass-moody-al,ac919d,
https://www.postjobfree.com/resume/ac9171/c-machinist-ts-pi-ot-toronto-on-canada,ac9171,
https://www.postjobfree.com/resume/ac91pn/machinist-maintenance-mill-united-states,ac91pn,
https://www.postjobfree.com/resume/ac91mm/electrician-rf-optic-markham-on-canada,ac91mm,
https://www.postjobfree.com/resume/ac91l7/cnc-machinist-machine-operator-tilton-nh,ac91l7,
https://www.postjobfree.com/resume/ac91fn/machine-operator-cnc-truck-knoxville-tn,ac91fn,
https://www.postjobfree.com/resume/ac90p6/cnc-machinist-rig-iti-lathe-muscat-oman,ac90p6,
https://www.postjobfree.com/resume/ac90ee/cnc-machinist-lathe-cmm-quebec-city-qc,ac90ee,
https://www.postjobfree.com/resume/ac90bi/machinist-hvac-mechanic-mills-houston-tx,ac90bi,
https://www.postjobfree.com/resume/ac9z80/turbine-cnc-solidworks-guelph-on-canada,ac9z80,
https://www.postjobfree.com/resume/ac9z6q/machinist-drilling-iti-rig-chennai-tamil,ac9z6q,
https://www.postjobfree.com/resume/ac9zvd/cnc-solidworks-machinist-kitchener-on,ac9zvd,
https://www.postjobfree.com/resume/ac9zuq/cnc-hmi-machinist-plc-machine-ionia-mi,ac9zuq,
https://www.postjobfree.com/resume/ac9zog/cnc-machinist-machine-cook-appomattox-va,ac9zog,
https://www.postjobfree.com/resume/ac9zmj/mechanic-writer-machinist-montgomery-al,ac9zmj,
https://www.postjobfree.com/resume/ac9zc2/machinist-occupation-tesda-valenzuela,ac9zc2,
https://www.postjobfree.com/resume/ac9y8t/surveyor-machinist-mis-regina-sk-canada,ac9y8t,
https://www.postjobfree.com/resume/ac9y7f/cnc-machinist-li-calgary-ab-canada,ac9y7f,
https://www.postjobfree.com/resume/ac9yxy/cnc-machinist-machine-hyderabad-india,ac9yxy,
https://www.postjobfree.com/resume/ac9yuy/cnc-machinist-die-milling-cambridge-on,ac9yuy,
https://www.postjobfree.com/resume/ac9yrc/solidworks-cnc-machinist-creo-hixson-tn,ac9yrc,
https://www.postjobfree.com/resume/ac9yi1/hvac-fda-lean-ehs-coca-dayton-oh-45429,ac9yi1,
https://www.postjobfree.com/resume/ac9ygs/machinist-cnc-drilling-machine-easley-sc,ac9ygs,
https://www.postjobfree.com/resume/ac9yf4/mechanic-machinist-chesapeake-va,ac9yf4,
https://www.postjobfree.com/resume/ac9ydr/cnc-turbine-machinist-simpsonville-sc,ac9ydr,
https://www.postjobfree.com/resume/ac9xj1/machine-cnc-machinist-milling-pelzer-sc,ac9xj1,
https://www.postjobfree.com/resume/ac9xg1/cnc-cmm-ndt-machinist-qc-singapore-north,ac9xg1,
https://www.postjobfree.com/resume/ac9w8r/machinist-cnc-mold-gadsden-al-35904,ac9w8r,
https://www.postjobfree.com/resume/ac9w05/machinist-assembler-crane-chennai-tamil,ac9w05,
https://www.postjobfree.com/resume/ac9w00/machinist-nd-ansys-cad-nx-tirupur-tamil,ac9w00,
https://www.postjobfree.com/resume/ac9wsm/solidworks-machinist-cam-minneapolis-mn,ac9wsm,
https://www.postjobfree.com/resume/ac9wik/power-plant-boiler-ehs-jalalpur-uttar,ac9wik,
https://www.postjobfree.com/resume/ac9v7w/cnc-machinist-machine-operator-peoria-il,ac9v7w,
https://www.postjobfree.com/resume/ac9v4a/machinist-hse-aramco-pipe-khobar-eastern,ac9v4a,
https://www.postjobfree.com/resume/ac9vxn/machinist-sheet-metal-creo-san-jose-ca,ac9vxn,
https://www.postjobfree.com/resume/ac9vvb/hair-machinist-assembler-salon-dayton-oh,ac9vvb,
https://www.postjobfree.com/resume/ac9vp1/cnc-handler-forklift-warsaw-in-46582,ac9vp1,
https://www.postjobfree.com/resume/ac9vg6/cctv-machinist-engineer-singapore-north,ac9vg6,
https://www.postjobfree.com/resume/ac9u47/fitter-cnc-crane-carpenter-hanoi-vietnam,ac9u47,
https://www.postjobfree.com/resume/ac9tva/machinist-sheet-metal-cnc-chennai-tamil,ac9tva,
https://www.postjobfree.com/resume/ac9ts6/bookkeeper-air-force-abuse-kolkata-west,ac9ts6,
https://www.postjobfree.com/resume/ac9tsc/diesel-machinist-welding-chennai-tamil,ac9tsc,
https://www.postjobfree.com/resume/ac9toe/machinist-cement-coca-colombo-sri-lanka,ac9toe,
https://www.postjobfree.com/resume/ac9tia/mechanical-engineer-jodhpur-rajasthan,ac9tia,
https://www.postjobfree.com/resume/ac9tac/scrum-machinist-mechanic-germantown-md,ac9tac,
https://www.postjobfree.com/resume/ac9s84/2-machinist-cement-lathe-nairobi-county,ac9s84,
https://www.postjobfree.com/resume/ac9s6n/die-food-safety-mm-fda-dubai-united-arab,ac9s6n,
https://www.postjobfree.com/resume/ac9sg1/solidworks-mechanical-toronto-on-canada,ac9sg1,
https://www.postjobfree.com/resume/ac9sfe/estimator-machinist-naval-chula-vista-ca,ac9sfe,
https://www.postjobfree.com/resume/ac9r8j/machinist-cnc-accountant-dental-utica-ny,ac9r8j,
https://www.postjobfree.com/resume/ac9r5e/cnc-machinist-machine-tooling-buffalo-ny,ac9r5e,
https://www.postjobfree.com/resume/ac9rx4/machinist-journeyman-toronto-on-canada,ac9rx4,
https://www.postjobfree.com/resume/ac9q75/fitter-power-plant-pipe-benoni-gauteng,ac9q75,
https://www.postjobfree.com/resume/ac9q70/cnc-machinist-solidworks-lean-pueblo-co,ac9q70,
https://www.postjobfree.com/resume/ac9qu2/solidworks-injection-asme-las-vegas-nv,ac9qu2,
https://www.postjobfree.com/resume/ac9qt3/cnc-machinist-milling-toronto-on-canada,ac9qt3,
https://www.postjobfree.com/resume/ac9qc9/fitter-machinist-piping-arc-kempton-park,ac9qc9,
https://www.postjobfree.com/resume/ac9p4d/electrician-diesel-lecturer-florence-sc,ac9p4d,
https://www.postjobfree.com/resume/ac9p37/preventive-machinist-mold-ontario-canada,ac9p37,
https://www.postjobfree.com/resume/ac9p2p/cnc-mill-machinist-drilling-canada-ky,ac9p2p,
https://www.postjobfree.com/resume/ac9pp7/cnc-solidworks-machinist-riverview-fl,ac9pp7,
https://www.postjobfree.com/resume/ac9pbg/machinist-cnc-fanuc-diesel-chennai-tamil,ac9pbg,
https://www.postjobfree.com/resume/ac9n9s/machinist-machine-iti-shimla-himachal,ac9n9s,
https://www.postjobfree.com/resume/ac9nxr/cnc-machinist-mill-tooling-smithfield-nc,ac9nxr,
https://www.postjobfree.com/resume/ac9ncx/cnc-die-milling-machinist-chennai-tamil,ac9ncx,
https://www.postjobfree.com/resume/ac9na0/machinist-manufacturing-wildomar-ca,ac9na0,
https://www.postjobfree.com/resume/ac9m7b/machinist-milling-abu-dhabi-emirate,ac9m7b,
https://www.postjobfree.com/resume/ac9m5e/cnc-crane-inspector-injection-kingman-az,ac9m5e,
https://www.postjobfree.com/resume/ac9m11/machinist-turbine-power-plant-doha-qatar,ac9m11,
https://www.postjobfree.com/resume/ac9mqu/cnc-machinist-mill-greenville-sc,ac9mqu,
https://www.postjobfree.com/resume/ac9mqi/cnc-machinist-machine-mill-chennai-tamil,ac9mqi,
https://www.postjobfree.com/resume/ac9miw/welder-fitter-machine-rawdat-al-khail,ac9miw,
https://www.postjobfree.com/resume/ac9mcy/machinist-cnc-machine-chennai-tamil,ac9mcy,
https://www.postjobfree.com/resume/ac9l6s/cement-machinist-power-mill-kolkata-west,ac9l6s,
https://www.postjobfree.com/resume/ac9l50/machine-operator-machinist-chennai-tamil,ac9l50,
https://www.postjobfree.com/resume/ac9kud/machinist-molding-taiwan-rawdat-al-khail,ac9kud,
https://www.postjobfree.com/resume/ac9kts/machinist-machine-crane-athens-tx-75751,ac9kts,
https://www.postjobfree.com/resume/ac9ktj/cnc-machinist-die-bloomfield-hills,ac9ktj,
https://www.postjobfree.com/resume/ac9jv9/fitter-machinist-boiler-south-africa,ac9jv9,
https://www.postjobfree.com/resume/ac9jp1/machinist-cnc-tesda-milling-santo-tomas,ac9jp1,
https://www.postjobfree.com/resume/ac9jo1/cnc-machinist-crane-forklift-belding-mi,ac9jo1,
https://www.postjobfree.com/resume/ac9jea/machinist-cnc-rig-lathe-harare-zimbabwe,ac9jea,
https://www.postjobfree.com/resume/ac9i2y/cnc-machinist-molding-chidambaram-tamil,ac9i2y,
https://www.postjobfree.com/resume/ac9irw/cnc-machinist-mechanic-kenosha-wi-53143,ac9irw,
https://www.postjobfree.com/resume/ac9irh/cnc-machinist-journeyman-waterloo-ia,ac9irh,
https://www.postjobfree.com/resume/ac9h1u/cmc-therapist-machinist-cnc-davenport-ia,ac9h1u,
https://www.postjobfree.com/resume/ac9hzv/cnc-machinist-machine-spartanburg-sc,ac9hzv,
https://www.postjobfree.com/resume/ac9hxh/v5-catia-ansys-machinist-chennai-tamil,ac9hxh,
https://www.postjobfree.com/resume/ac9hqs/electrician-crane-die-oshawa-on-canada,ac9hqs,
https://www.postjobfree.com/resume/ac9hio/jira-nuclear-naval-machinist-santee-ca,ac9hio,
https://www.postjobfree.com/resume/ac9hf0/quality-engineer-welder-arc-pikeville-tn,ac9hf0,
https://www.postjobfree.com/resume/ac9gmd/machinist-cnc-journeyman-elko-nv-89801,ac9gmd,
https://www.postjobfree.com/resume/ac9gf8/and-cnc-machinist-mill-lathe-norwalk-ca,ac9gf8,
https://www.postjobfree.com/resume/ac9gf0/mep-hvac-revit-draftsman-cement-austria,ac9gf0,
https://www.postjobfree.com/resume/ac9f54/cnc-machinist-estimator-east-hampton-ct,ac9f54,
https://www.postjobfree.com/resume/ac9eoa/machinist-welding-ojt-hana-quezon-city,ac9eoa,
https://www.postjobfree.com/resume/ac9ejl/cnc-machinist-die-catia-mississauga-on,ac9ejl,
https://www.postjobfree.com/resume/ac9dlx/machinist-cnc-drilling-new-brighton-cape,ac9dlx,
https://www.postjobfree.com/resume/ac9dgr/machinist-welder-cnc-die-al-lith-makkah,ac9dgr,
https://www.postjobfree.com/resume/ac9daq/machine-operator-machinist-milwaukee-wi,ac9daq,
https://www.postjobfree.com/resume/ac9cbs/cnc-machinist-machine-qc-manchester-nh,ac9cbs,
https://www.postjobfree.com/resume/ac9b8f/machine-operator-machinist-milwaukee-wi,ac9b8f,
https://www.postjobfree.com/resume/ac9b7y/cnc-machinist-injection-mold-berlin-md,ac9b7y,
https://www.postjobfree.com/resume/ac9bwd/machinist-cnc-edwards-office-hudson-nh,ac9bwd,
https://www.postjobfree.com/resume/ac9bvr/cnc-machinist-mill-crane-csr-atlanta-ga,ac9bvr,
https://www.postjobfree.com/resume/ac9bkn/toyota-bartender-service-forest-park-ga,ac9bkn,
https://www.postjobfree.com/resume/ac9ate/cnc-machine-operator-colorado-springs,ac9ate,
https://www.postjobfree.com/resume/ac9aaf/machine-operator-machinist-syracuse-ny,ac9aaf,
https://www.postjobfree.com/resume/ac898k/mine-fitter-machinist-pretoria-gauteng,ac898k,
https://www.postjobfree.com/resume/ac89sq/machinist-plant-manager-cat-clarkston-mi,ac89sq,
https://www.postjobfree.com/resume/ac89sp/machinist-die-cnc-milling-manchester-tn,ac89sp,
https://www.postjobfree.com/resume/ac88zd/practitioner-generalist-london-on-canada,ac88zd,
https://www.postjobfree.com/resume/ac88tc/cnc-machinist-biomedical-grand-rapids-mi,ac88tc,
https://www.postjobfree.com/resume/ac88rn/piping-machinist-crane-cnc-vapi-gujarat,ac88rn,
https://www.postjobfree.com/resume/ac88he/machinist-crane-truck-franklin-pa-16323,ac88he,
https://www.postjobfree.com/resume/ac88ar/cnc-machinist-plant-aws-noblesville-in,ac88ar,
https://www.postjobfree.com/resume/ac878j/solar-machinist-solidworks-chennai-tamil,ac878j,
https://www.postjobfree.com/resume/ac87ti/hvac-mechanic-machinist-crane-jackson-ms,ac87ti,
https://www.postjobfree.com/resume/ac87rd/machinist-cnc-animal-scada-chennai-tamil,ac87rd,
https://www.postjobfree.com/resume/ac8695/solidworks-mechanical-v5-the-colony-tx,ac8695,
https://www.postjobfree.com/resume/ac8666/c-machinist-machine-operator-apopka-fl,ac8666,
https://www.postjobfree.com/resume/ac86cl/cnc-machinist-mill-machine-fort-worth-tx,ac86cl,
https://www.postjobfree.com/resume/ac857u/cnc-machinist-mill-lathe-mig-lathrop-ca,ac857u,
https://www.postjobfree.com/resume/ac85yx/cmm-machinist-cnc-9000-pune-maharashtra,ac85yx,
https://www.postjobfree.com/resume/ac85ui/machinist-die-culinary-east-greenwich-ri,ac85ui,
https://www.postjobfree.com/resume/ac843l/cnc-machinist-plant-manager-wichita-ks,ac843l,
https://www.postjobfree.com/resume/ac84mw/crane-cnc-mold-machinist-united-states,ac84mw,
https://www.postjobfree.com/resume/ac832d/solidworks-cnc-drilling-mold-brampton-on,ac832d,
https://www.postjobfree.com/resume/ac83fv/walmart-machinist-welder-bentonville-ar,ac83fv,
https://www.postjobfree.com/resume/ac83er/aircraft-aviation-power-ndt-las-vegas-nv,ac83er,
https://www.postjobfree.com/resume/ac8249/draftsman-machinist-molding-hollywood-md,ac8249,
https://www.postjobfree.com/resume/ac82zb/cnc-die-mill-lathe-cam-toronto-on-canada,ac82zb,
https://www.postjobfree.com/resume/ac82un/machinist-ios-gis-arcgis-php-columbus-oh,ac82un,
https://www.postjobfree.com/resume/ac82ow/solidworks-cnc-drafter-bertram-tx-78605,ac82ow,
https://www.postjobfree.com/resume/ac82ey/molding-cnc-mechanic-mig-indianapolis-in,ac82ey,
https://www.postjobfree.com/resume/ac8178/machinist-cnc-crane-lathe-louisville-ky,ac8178,
https://www.postjobfree.com/resume/ac81zo/cnc-machinist-deck-welder-lathe-inman-sc,ac81zo,
https://www.postjobfree.com/resume/ac81xj/cnc-machinist-machining-cam-mumbai-india,ac81xj,
https://www.postjobfree.com/resume/ac81qf/cnc-machinist-solidworks-bethel-park-pa,ac81qf,
https://www.postjobfree.com/resume/ac81pf/cnc-machinist-9000-weld-lathe-humble-tx,ac81pf,
https://www.postjobfree.com/resume/ac81kh/machine-operator-cnc-fereej-ibn-dirhem,ac81kh,
https://www.postjobfree.com/resume/ac803o/cnc-machinist-cam-creo-coimbatore-tamil,ac803o,
https://www.postjobfree.com/resume/ac8zso/nuclear-machinist-naval-jacksonville-fl,ac8zso,
https://www.postjobfree.com/resume/ac8zsb/solidworks-machinist-tooling-bozeman-mt,ac8zsb,
https://www.postjobfree.com/resume/ac8zre/machinist-fanuc-crane-cnc-lancaster-ca,ac8zre,
https://www.postjobfree.com/resume/ac8zky/cnc-machinist-lathe-piping-palmdale-ca,ac8zky,
https://www.postjobfree.com/resume/ac8zia/cnc-machine-operator-cam-los-angeles-ca,ac8zia,
https://www.postjobfree.com/resume/ac8yow/machinist-cmm-programmer-inman-sc-29349,ac8yow,
https://www.postjobfree.com/resume/ac8ylz/cnc-machinist-lathe-toronto-on-canada,ac8ylz,
https://www.postjobfree.com/resume/ac8ylx/cnc-machine-operator-turbine-rockford-il,ac8ylx,
https://www.postjobfree.com/resume/ac8xt5/cnc-machinist-fanuc-mill-bukit-merah,ac8xt5,
https://www.postjobfree.com/resume/ac8xpl/cnc-welder-electrician-machine-sumter-sc,ac8xpl,
https://www.postjobfree.com/resume/ac8xoh/fitter-machinist-plc-mine-vancouver-bc,ac8xoh,
https://www.postjobfree.com/resume/ac8xn4/cnc-die-crane-tooling-brake-cleveland-oh,ac8xn4,
https://www.postjobfree.com/resume/ac8xek/machinist-recruiter-machine-charlotte-nc,ac8xek,
https://www.postjobfree.com/resume/ac8w9u/cnc-machinist-machine-malakpet-india,ac8w9u,
https://www.postjobfree.com/resume/ac8wid/mechanic-machinist-piping-farmingdale-nj,ac8wid,
https://www.postjobfree.com/resume/ac8voa/cnc-machinist-mill-truck-houston-tx,ac8voa,
https://www.postjobfree.com/resume/ac8u9v/mechanic-injection-plc-toronto-on-canada,ac8u9v,
https://www.postjobfree.com/resume/ac8u40/artist-machinist-writer-beyoglu-istanbul,ac8u40,
https://www.postjobfree.com/resume/ac8u4b/welder-foreman-refinery-madurai-tamil,ac8u4b,
https://www.postjobfree.com/resume/ac8udl/cnc-machinist-mill-mold-richmond-hill-on,ac8udl,
https://www.postjobfree.com/resume/ac8t8h/machinist-journeyman-east-mckeesport,ac8t8h,
https://www.postjobfree.com/resume/ac8t4y/cnc-machinist-st-louis-mo-63137,ac8t4y,
https://www.postjobfree.com/resume/ac8tp2/machinist-estimator-cnc-manchester-tn,ac8tp2,
https://www.postjobfree.com/resume/ac8tom/cnc-machinist-drilling-tolichowki-india,ac8tom,
https://www.postjobfree.com/resume/ac8tcq/machinist-catia-article-bangalore-india,ac8tcq,
https://www.postjobfree.com/resume/ac8se7/machinist-cnc-pcb-rf-chandler-az-85224,ac8se7,
https://www.postjobfree.com/resume/ac8r59/piping-refinery-aws-mill-new-delhi-india,ac8r59,
https://www.postjobfree.com/resume/ac8rsf/cnc-machinist-lathe-lawrenceville-ga,ac8rsf,
https://www.postjobfree.com/resume/ac8rla/machinist-mill-inside-meat-karachi-sindh,ac8rla,
https://www.postjobfree.com/resume/ac8rhc/cnc-machinist-esl-apprenticeship-mena-ar,ac8rhc,
https://www.postjobfree.com/resume/ac8q8j/cnc-inspector-qc-cmm-abu-dhabi-emirate,ac8q8j,
https://www.postjobfree.com/resume/ac8qxf/molding-machinist-cnc-die-mep-exeter-nh,ac8qxf,
https://www.postjobfree.com/resume/ac8qq3/cnc-drilling-machinist-iti-surat-gujarat,ac8qq3,
https://www.postjobfree.com/resume/ac8qn9/machinist-fedex-cash-handling-wichita-ks,ac8qn9,
https://www.postjobfree.com/resume/ac8qet/machinist-molding-mechanical-bukit-merah,ac8qet,
https://www.postjobfree.com/resume/ac8qa5/machinist-die-milling-combat-anderson-sc,ac8qa5,
https://www.postjobfree.com/resume/ac8p2h/machinist-gmp-biomedical-long-branch-nj,ac8p2h,
https://www.postjobfree.com/resume/ac8pwu/weld-machinist-welder-cnc-imlay-city-mi,ac8pwu,
https://www.postjobfree.com/resume/ac8pnt/ehs-lean-six-machinist-emr-mc-donough-ga,ac8pnt,
https://www.postjobfree.com/resume/ac8o85/cnc-machinist-fitter-pretoria-gauteng,ac8o85,
https://www.postjobfree.com/resume/ac8o40/machinist-welder-lathe-fereej-ibn-dirhem,ac8o40,
https://www.postjobfree.com/resume/ac8otp/machinist-engr-helpdesk-lagos-nigeria,ac8otp,
https://www.postjobfree.com/resume/ac8ocq/cnc-machinist-mechanic-milton-nh-03851,ac8ocq,
https://www.postjobfree.com/resume/ac8n52/cnc-machinist-die-milling-ajax-on-canada,ac8n52,
https://www.postjobfree.com/resume/ac8n0z/molding-cnc-injection-pet-khobar-eastern,ac8n0z,
https://www.postjobfree.com/resume/ac8nuk/machinist-cnc-injection-jaipur-rajasthan,ac8nuk,
https://www.postjobfree.com/resume/ac8ndz/machinist-cnc-crane-lexington-park-md,ac8ndz,
https://www.postjobfree.com/resume/ac8na5/machinist-employee-kronos-deer-park-ny,ac8na5,
https://www.postjobfree.com/resume/ac8m6w/cnc-machine-operator-mm-pretoria-gauteng,ac8m6w,
https://www.postjobfree.com/resume/ac8m40/machinist-safety-crane-fereej-ibn-dirhem,ac8m40,
https://www.postjobfree.com/resume/ac8mn9/cnc-machinist-inspector-salem-tamil-nadu,ac8mn9,
https://www.postjobfree.com/resume/ac8mib/cnc-machinist-solidworks-die-aurora-co,ac8mib,
https://www.postjobfree.com/resume/ac8luv/cnc-die-machinist-inspector-houston-tx,ac8luv,
https://www.postjobfree.com/resume/ac8lll/machinist-die-manufacturing-erie-pa,ac8lll,
https://www.postjobfree.com/resume/ac8lii/machinist-cnc-buyer-engineer-blasdell-ny,ac8lii,
https://www.postjobfree.com/resume/ac8lcq/machinist-technologist-whitby-on-canada,ac8lcq,
https://www.postjobfree.com/resume/ac8k5i/machinist-injection-mold-largo-fl-33774,ac8k5i,
https://www.postjobfree.com/resume/ac8k3t/cnc-die-machinist-mold-jensen-beach-fl,ac8k3t,
https://www.postjobfree.com/resume/ac8k1m/cnc-quality-engineer-toronto-on-canada,ac8k1m,
https://www.postjobfree.com/resume/ac8kcr/crane-machinist-cnc-mill-beaumont-tx,ac8kcr,
https://www.postjobfree.com/resume/ac8j0s/machinist-catia-v5-die-plainfield-ct,ac8j0s,
https://www.postjobfree.com/resume/ac8jnz/fitter-foreman-boiler-cement-farm-zambia,ac8jnz,
https://www.postjobfree.com/resume/ac8jgv/machinist-qc-police-sage-qa-new-caney-tx,ac8jgv,
https://www.postjobfree.com/resume/ac8jb7/machinist-optical-inspector-melbourne-fl,ac8jb7,
https://www.postjobfree.com/resume/ac8ilu/cnc-mechanical-engineer-mep-muscat-oman,ac8ilu,
https://www.postjobfree.com/resume/ac8h85/cnc-machinist-crane-cleveland-oh,ac8h85,
https://www.postjobfree.com/resume/ac8h4y/mechanic-machinist-walmart-owensboro-ky,ac8h4y,
https://www.postjobfree.com/resume/ac8hxq/machinist-fitter-crane-al-lith-makkah,ac8hxq,
https://www.postjobfree.com/resume/ac8g1k/machinist-mechanic-hvac-harrodsburg-ky,ac8g1k,
https://www.postjobfree.com/resume/ac8glt/cnc-jira-machine-operator-united-states,ac8glt,
https://www.postjobfree.com/resume/ac8f7v/hr-manager-machinist-weld-thorofare-nj,ac8f7v,
https://www.postjobfree.com/resume/ac8fzh/cnc-die-tooling-machinist-gm-chicago-il,ac8fzh,
https://www.postjobfree.com/resume/ac8for/welder-air-force-machinist-mill-aiken-sc,ac8for,
https://www.postjobfree.com/resume/ac8fef/cnc-machinist-cmm-naples-fl-34104,ac8fef,
https://www.postjobfree.com/resume/ac8ezo/cnc-machinist-milling-binangonan-laguna,ac8ezo,
https://www.postjobfree.com/resume/ac8es7/mill-machinist-crane-six-nelson-va-24580,ac8es7,
https://www.postjobfree.com/resume/ac8dpu/machinist-cnc-mechanic-henderson-nv,ac8dpu,
https://www.postjobfree.com/resume/ac8dpa/machinist-nurse-mold-swanzey-nh-03446,ac8dpa,
https://www.postjobfree.com/resume/ac8c7l/cnc-machinist-lathe-mill-bloomfield-ct,ac8c7l,
https://www.postjobfree.com/resume/ac8c6p/machinist-cnc-tester-oklahoma-city-ok,ac8c6p,
https://www.postjobfree.com/resume/ac8cpp/machinist-molding-cnc-mason-mi-48854,ac8cpp,
https://www.postjobfree.com/resume/ac8cnm/cnc-machinist-cam-vmc-cuddalore-tamil,ac8cnm,
https://www.postjobfree.com/resume/ac8ccz/machinist-he-nuclear-sage-cincinnati-oh,ac8ccz,
https://www.postjobfree.com/resume/ac8b48/machinist-cnc-drilling-die-binan-laguna,ac8b48,
https://www.postjobfree.com/resume/ac8bph/cnc-machinist-drilling-chennai-tamil,ac8bph,
https://www.postjobfree.com/resume/ac79zr/machinist-cnc-journeyman-schenectady-ny,ac79zr,
https://www.postjobfree.com/resume/ac79m9/machinist-cnc-dairy-new-delhi-india,ac79m9,
https://www.postjobfree.com/resume/ac79lr/cnc-machine-operator-crane-okeechobee-fl,ac79lr,
https://www.postjobfree.com/resume/ac79as/or-machinist-cna-painter-waterbury-ct,ac79as,
https://www.postjobfree.com/resume/ac786x/machine-operator-molding-united-arab,ac786x,
https://www.postjobfree.com/resume/ac783i/machinist-cnc-js-machine-platteville-wi,ac783i,
https://www.postjobfree.com/resume/ac780u/machinist-die-rep-plc-dealer-hickory-nc,ac780u,
https://www.postjobfree.com/resume/ac78ts/injection-machinist-cnc-die-raleigh-nc,ac78ts,
https://www.postjobfree.com/resume/ac78s5/cnc-machine-operator-hospice-chicago-il,ac78s5,
https://www.postjobfree.com/resume/ac78pc/die-machinist-machine-honda-sirang-lupa,ac78pc,
https://www.postjobfree.com/resume/ac78kr/machinist-cnc-glass-neshkoro-wi-54960,ac78kr,
https://www.postjobfree.com/resume/ac78dy/cnc-machinist-milling-chicago-il,ac78dy,
https://www.postjobfree.com/resume/ac78ay/machinist-cnc-mill-power-charlotte-nc,ac78ay,
https://www.postjobfree.com/resume/ac779g/machinist-marine-tanker-pk-sanghar-sindh,ac779g,
https://www.postjobfree.com/resume/ac770j/machinist-die-cnc-crane-mill-chicago-il,ac770j,
https://www.postjobfree.com/resume/ac77pn/cnc-machinist-injection-die-pelzer-sc,ac77pn,
https://www.postjobfree.com/resume/ac764d/solidworks-mechanical-rf-garden-grove-ca,ac764d,
https://www.postjobfree.com/resume/ac762t/welder-machinist-cnc-mill-united-states,ac762t,
https://www.postjobfree.com/resume/ac76kb/fitter-drilling-cc-cnc-rustenburg-north,ac76kb,
https://www.postjobfree.com/resume/ac7592/cnc-machinist-lathe-fitter-jurong-west,ac7592,
https://www.postjobfree.com/resume/ac756l/machinist-fitter-plc-lagos-nigeria,ac756l,
https://www.postjobfree.com/resume/ac7422/machinist-inspector-cmm-clearwater-fl,ac7422,
https://www.postjobfree.com/resume/ac74wg/cnc-hvac-machinist-lawn-cook-memphis-tn,ac74wg,
https://www.postjobfree.com/resume/ac74sh/safety-cnc-machinist-mill-molalla-or,ac74sh,
https://www.postjobfree.com/resume/ac74lf/cnc-machinist-machine-hyderabad-india,ac74lf,
https://www.postjobfree.com/resume/ac730g/cnc-machinist-lathe-san-bernardino-ca,ac730g,
https://www.postjobfree.com/resume/ac73sd/cnc-drilling-machinist-salem-nh-03079,ac73sd,
https://www.postjobfree.com/resume/ac73q0/mechanic-machinist-cnc-fars-province,ac73q0,
https://www.postjobfree.com/resume/ac73n8/electrician-mechanic-welding-st-cloud-fl,ac73n8,
https://www.postjobfree.com/resume/ac728j/cnc-machinist-cam-9001-coimbatore-tamil,ac728j,
https://www.postjobfree.com/resume/ac721t/machinist-hse-plant-manager-gm-conroe-tx,ac721t,
https://www.postjobfree.com/resume/ac72wh/cnc-machinist-milling-singapore-north,ac72wh,
https://www.postjobfree.com/resume/ac72m9/electrician-hvac-machinist-desert-hot-ca,ac72m9,
https://www.postjobfree.com/resume/ac72kn/welder-hvac-machinist-plastic-phoenix-az,ac72kn,
https://www.postjobfree.com/resume/ac71zc/graphic-designer-machinist-kolkata-west,ac71zc,
https://www.postjobfree.com/resume/ac71vk/hse-cnc-safety-officer-iti-kolkata-west,ac71vk,
https://www.postjobfree.com/resume/ac71mg/machinist-inspector-cmm-cnc-qc-hudson-nh,ac71mg,
https://www.postjobfree.com/resume/ac71g5/molding-injection-machine-cabuyao-laguna,ac71g5,
https://www.postjobfree.com/resume/ac71e5/laborer-machine-operator-cleveland-oh,ac71e5,
https://www.postjobfree.com/resume/ac7082/drilling-machinist-foreman-katy-tx-77449,ac7082,
https://www.postjobfree.com/resume/ac701c/cnc-die-mold-stamping-tooling-sumter-sc,ac701c,
https://www.postjobfree.com/resume/ac700g/python-machinist-mechanic-qa-lebanon-tn,ac700g,
https://www.postjobfree.com/resume/ac70i0/cnc-machinist-welder-lathe-weld-katy-tx,ac70i0,
https://www.postjobfree.com/resume/ac70h6/cnc-machinist-quality-engineer-niles-mi,ac70h6,
https://www.postjobfree.com/resume/ac70bu/cnc-machinist-rig-die-pp-chennai-tamil,ac70bu,
https://www.postjobfree.com/resume/ac7zor/crane-machinist-forklift-beachwood-oh,ac7zor,
https://www.postjobfree.com/resume/ac7zcm/cnc-die-machinist-rig-grey-town-tamil,ac7zcm,
https://www.postjobfree.com/resume/ac7yjy/cmm-machinist-injection-united-states,ac7yjy,
https://www.postjobfree.com/resume/ac7ycy/machine-operator-lathe-morong-rizal-1960,ac7ycy,
https://www.postjobfree.com/resume/ac7x9z/welder-hvac-boiler-foreman-arc-weare-nh,ac7x9z,
https://www.postjobfree.com/resume/ac7x8t/cnc-foreman-machinist-mill-st-clair-mi,ac7x8t,
https://www.postjobfree.com/resume/ac7x4k/welder-diesel-machinist-houston-tx,ac7x4k,
https://www.postjobfree.com/resume/ac7xsd/machinist-machine-operator-richmond-va,ac7xsd,
https://www.postjobfree.com/resume/ac7xm7/machinist-coating-lathe-press-seymour-ct,ac7xm7,
https://www.postjobfree.com/resume/ac7w7a/hvac-machinist-journeyman-melbourne-fl,ac7w7a,
https://www.postjobfree.com/resume/ac7v10/die-cnc-machinist-stamping-kitchener-on,ac7v10,
https://www.postjobfree.com/resume/ac7vtl/machinist-cnc-optical-new-ipswich-nh,ac7vtl,
https://www.postjobfree.com/resume/ac7vky/machinist-mechanic-writer-springfield-oh,ac7vky,
https://www.postjobfree.com/resume/aczkjw/car-medical-coding-budget-pittsburgh-pa,aczkjw,
https://www.postjobfree.com/resume/ac7vav/cnc-machinist-maintenance-glendale-ca,ac7vav,
https://www.postjobfree.com/resume/ac7usr/cnc-machine-operator-machinist-mahwah-nj,ac7usr,
https://www.postjobfree.com/resume/ac7ui3/mechanic-machinist-guard-washington-dc,ac7ui3,
https://www.postjobfree.com/resume/ac7ub1/machinist-cnc-drilling-fort-lauderdale,ac7ub1,
https://www.postjobfree.com/resume/ac7t8f/cnc-machinist-drilling-rig-chennai-tamil,ac7t8f,
https://www.postjobfree.com/resume/ac7t4l/machinist-die-fitter-milling-doha-qatar,ac7t4l,
https://www.postjobfree.com/resume/ac7tz6/machinist-cnc-optical-cambridge-ma,ac7tz6,
https://www.postjobfree.com/resume/ac7tfp/cnc-die-machinist-mold-mill-corona-ny,ac7tfp,
https://www.postjobfree.com/resume/ac7svi/crane-truck-driver-drilling-charlotte-tx,ac7svi,
https://www.postjobfree.com/resume/ac7st4/machinist-turbine-machine-cagayan-de-oro,ac7st4,
https://www.postjobfree.com/resume/ac7stp/machinist-electrician-qc-fayetteville-nc,ac7stp,
https://www.postjobfree.com/resume/ac7sna/machinist-japanese-film-athens-attica,ac7sna,
https://www.postjobfree.com/resume/ac7sm9/machinist-cnc-die-fanuc-kuala-lumpur-of,ac7sm9,
https://www.postjobfree.com/resume/ac7sf0/molding-crane-machinist-lawn-mobile-al,ac7sf0,
https://www.postjobfree.com/resume/ac7sdm/cnc-quality-engineer-ppap-summerville-sc,ac7sdm,
https://www.postjobfree.com/resume/ac7rzg/welder-machinist-mechanic-jonesboro-ar,ac7rzg,
https://www.postjobfree.com/resume/ac7rrw/die-machine-operator-ehs-jeddah-makkah,ac7rrw,
https://www.postjobfree.com/resume/ac7riq/cnc-electrician-aviation-los-alamitos-ca,ac7riq,
https://www.postjobfree.com/resume/ac7qo8/machinist-welder-cnc-cam-gulbarga-585104,ac7qo8,
https://www.postjobfree.com/resume/ac7qn8/machinist-cnc-tooling-mm-charleston-sc,ac7qn8,
https://www.postjobfree.com/resume/ac7qgl/machinist-machine-operator-fitter-india,ac7qgl,
https://www.postjobfree.com/resume/ac7psa/plant-manager-machinist-die-cleveland-tn,ac7psa,
https://www.postjobfree.com/resume/ac7pmg/machinist-crane-valve-tirunelveli-tamil,ac7pmg,
https://www.postjobfree.com/resume/ac7o9v/machinist-die-mold-tooling-san-diego-ca,ac7o9v,
https://www.postjobfree.com/resume/ac7o7w/cnc-machinist-lathe-valve-charlotte-nc,ac7o7w,
https://www.postjobfree.com/resume/ac7ou2/english-machinist-iti-kolkata-west,ac7ou2,
https://www.postjobfree.com/resume/ac7ond/machinist-naval-boiler-hampton-va-23663,ac7ond,
https://www.postjobfree.com/resume/ac7oj1/machinist-cnc-draftsman-2d-chennai-tamil,ac7oj1,
https://www.postjobfree.com/resume/ac7odo/cnc-machinist-machine-honda-yamuna-nagar,ac7odo,
https://www.postjobfree.com/resume/ac7ocl/machinist-drilling-korean-rapid-river-mi,ac7ocl,
https://www.postjobfree.com/resume/ac7nrs/electrical-engineer-plc-united-states,ac7nrs,
https://www.postjobfree.com/resume/ac7nor/mechanic-machinist-cnc-mig-birmingham-al,ac7nor,
https://www.postjobfree.com/resume/ac7ni0/welder-mechanic-die-battle-creek-mi,ac7ni0,
https://www.postjobfree.com/resume/ac7nhi/machinist-biomedical-python-new-york-ny,ac7nhi,
https://www.postjobfree.com/resume/ac7m7n/machinist-inspector-gmp-nuclear-irwin-pa,ac7m7n,
https://www.postjobfree.com/resume/ac7mym/machinist-edi-architect-ruby-marengo-il,ac7mym,
https://www.postjobfree.com/resume/ac7mxg/deck-crane-diesel-turbine-prague-czech,ac7mxg,
https://www.postjobfree.com/resume/ac7mfd/machinist-ok-welder-forklift-houston-tx,ac7mfd,
https://www.postjobfree.com/resume/ac7mai/cnc-machinist-machine-karaikudi-tamil,ac7mai,
https://www.postjobfree.com/resume/ac7k9v/crane-cnc-toyota-machinist-united-states,ac7k9v,
https://www.postjobfree.com/resume/ac7k4m/machinist-cnc-sheet-metal-fort-worth-tx,ac7k4m,
https://www.postjobfree.com/resume/ac7k01/cnc-machinist-mill-lathe-ios-san-jose-ca,ac7k01,
https://www.postjobfree.com/resume/ac7ku9/machinist-ehs-cnc-cargo-sandersville-ga,ac7ku9,
https://www.postjobfree.com/resume/ac7kos/machinist-weld-lean-lafayette-elkhart-ks,ac7kos,
https://www.postjobfree.com/resume/ac7j0k/cnc-machinist-milling-toronto-on-canada,ac7j0k,
https://www.postjobfree.com/resume/ac7jp9/machinist-welder-catia-bhubaneswar-india,ac7jp9,
https://www.postjobfree.com/resume/ac7jn9/machine-operator-machinist-united-states,ac7jn9,
https://www.postjobfree.com/resume/ac7i8p/machinist-machining-os-lakewood-township,ac7i8p,
https://www.postjobfree.com/resume/ac7ily/machinist-electrician-water-phoenix-az,ac7ily,
https://www.postjobfree.com/resume/ac7ik4/machinist-cnc-molding-hyderabad-india,ac7ik4,
https://www.postjobfree.com/resume/ac7ikh/cnc-machinist-machine-qc-san-jose-ca,ac7ikh,
https://www.postjobfree.com/resume/ac7ifc/machinist-cnc-milling-mill-houston-tx,ac7ifc,
https://www.postjobfree.com/resume/ac7icy/machinist-cnc-handler-sap-charlotte-nc,ac7icy,
https://www.postjobfree.com/resume/ac7h8k/machinist-machine-operator-yorktown-va,ac7h8k,
https://www.postjobfree.com/resume/ac7hz2/welder-machinist-surveyor-orlando-fl,ac7hz2,
https://www.postjobfree.com/resume/ac7hpj/machinist-sanitation-wash-dallas-tx,ac7hpj,
https://www.postjobfree.com/resume/ac7hm3/machinist-cnc-power-plant-des-plaines-il,ac7hm3,
https://www.postjobfree.com/resume/ac7g93/quality-engineer-article-ppap-azle-tx,ac7g93,
https://www.postjobfree.com/resume/ac7gx5/machinist-power-plant-turbine-drilling,ac7gx5,
https://www.postjobfree.com/resume/ac7gif/cnc-machinist-tooling-die-fort-worth-tx,ac7gif,
https://www.postjobfree.com/resume/ac7gid/mechanic-machinist-ojt-elmwood-park-il,ac7gid,
https://www.postjobfree.com/resume/ac7f9n/machinist-machine-operator-bethlehem-pa,ac7f9n,
